Intercept,school_score,high_need_experience,application_score,interview_score,content_knowledge_expert,first_month_applied,novice,effective,age_bracket1,App_Commitment,Int_PersonalResponse,Int_Interpersonal,Int_MissionCultureFit,Passion,Creative,AvidListener,ProblemSolver,Encouraging,Disciplined,Humble,DetailOriented,Energetic,Flexible,Risktaker,MultiTasker,CommunityFocused,Relatable,Organized,Reflective,ELL_Experience,Confident,Engaged,Funny,OpenMinded,RelationshipBuilder,Dedicated,Positive,Innovative,PrimaryElemExp,Patient,Eager,AvidLeaner,DataDriven,Inspiring,Leader,UpperElemExp,StudentsFirst,Integrity,Equity,Collaboration,Accountability,school_growth,Trad,Alt,subject4,subject11,subject12,subject16,subject17,subject18,subject19,high_need_experience*school_score,application_score*school_score,interview_score*school_score,high_need_experience*school_growth,application_score*school_growth,interview_score*school_growth
0.8363785938915862,-0.00468478035072467,0.0,-2.2306477704626759E-4,0.0,0.0,-0.012426039986744256,0.0,0.1870669817111053,-0.07118762024244045,0.04048812297514117,-0.0023643195800732955,-0.16637911178038192,0.053728166863905774,0.07324659106486028,0.0,0.0,0.0,0.08812188926158662,0.0,-9.79038063316896E-4,0.0,0.0,0.0,0.0,0.06787958182976607,0.016201040456354236,-0.10171447416471835,0.0,0.07548330233944253,0.0,0.0,-0.11232447820949379,0.0,-0.05658941422545521,-0.025761420253535377,0.0,-0.06376648715796615,0.0,0.06777065168292817,0.06743986325629342,0.0,0.0,0.0,0.02437863991643065,0.0,0.0,0.032077121710849886,0.00689332822191668,-0.05394314579514359,-0.0065272279005470935,-0.055028793473122804,0.04003837292986067,0.0,0.0,0.0,0.010331606601561754,-0.12485204638200949,0.050261002649176885,-0.10858595109710861,0.0,0.0,0.0020333418240275356,0.0,0.0,0.0,0.0,0.0

R-squared: 0.11194255069399783