[SS, IS-ELA, FRL, Asian, Black, HIPI, Native, Multi, White, Disabled, Gender, Gifted, Months-Until-Renewal, Annual Salary, SumOfCertificates, ART, BUSINESS, Counselor K-12, DISTRIBUTIVE/MARKETING ED, Early Childhood Educ (ECE), Education(No Spec Elem or Sec), English, English Language Skills, Foreign Languages French, Foreign Languages German, Foreign Languages Spanish, MUSIC, PHYSICAL CURRICULUM, Reading Specialist, Science General, SCIENCE NATURAL, Secondary Education, SOCIAL SCIENCES, SPECIAL EDUCATION, Teacher Librarian, TECHNICAL ED/COMPUTER TECH]
[-48.766748481615316, 0.19577433634070504, 8.797003669166358, 1.9807305711961412, 4.771702982386355, 3.5411642459096124, 3.5276080915369397, 1.311953184877642, 0.8394654203939756, 0.13588503989240586, 9.997893143138265, -1.553088118094233, -12.011145735314063, -0.0020170185878728005, -1.2633138023964715E-4, 0.40446586619723407, 3.274580860256546, 0.7324326991144239, 3.886833842383713, 5.577075426554925, 1.4910694867074348, 1.0073763336187074, 2.5224231248052233, -6.544348366580962, 2.6518812580850066, -4.762318595329324, 2.2188161654116816, 0.3701046973890558, -1.4841626024398415, 4.0045697752933345, -2.9362100459866753, -2.0581711158718696, -4.632456599882208, 0.7288623890585405, -0.43224954662605414, 11.191131496780388]