Objective,Var1,Var2,Var3,Var4
100,1,99,18.67265549,12
110,2,96,13.91867249,9
115,0,70,0.088495325,3
130,3,80,16.27854919,17
135,1,75,7.145509636,20
140,5,65,6.930447329,2
150,8,40,7.296109534,22
